{
  "ABIRoot": {
    "kind": "Root",
    "name": "AlamofireWrapper",
    "printedName": "AlamofireWrapper",
    "children": [
      {
        "kind": "Import",
        "name": "Foundation",
        "printedName": "Foundation",
        "declKind": "Import",
        "moduleName": "AlamofireWrapper",
        "declAttributes": [
          "RawDocComment"
        ]
      },
      {
        "kind": "Import",
        "name": "Alamofire",
        "printedName": "Alamofire",
        "declKind": "Import",
        "moduleName": "AlamofireWrapper"
      },
      {
        "kind": "Import",
        "name": "ZIAMCryptKit",
        "printedName": "ZIAMCryptKit",
        "declKind": "Import",
        "moduleName": "AlamofireWrapper",
        "declAttributes": [
          "AccessControl"
        ]
      },
      {
        "kind": "TypeDecl",
        "name": "AFWrapper",
        "printedName": "AFWrapper",
        "children": [
          {
            "kind": "Constructor",
            "name": "init",
            "printedName": "init()",
            "children": [
              {
                "kind": "TypeNominal",
                "name": "AFWrapper",
                "printedName": "AlamofireWrapper.AFWrapper",
                "usr": "c:@M@AlamofireWrapper@objc(cs)AFWrapper"
              }
            ],
            "declKind": "Constructor",
            "usr": "c:@M@AlamofireWrapper@objc(cs)AFWrapper(im)init",
            "mangledName": "$s16AlamofireWrapper9AFWrapperCACycfc",
            "moduleName": "AlamofireWrapper",
            "overriding": true,
            "objc_name": "init",
            "declAttributes": [
              "Dynamic",
              "ObjC",
              "Override",
              "AccessControl"
            ],
            "init_kind": "Designated"
          },
          {
            "kind": "Function",
            "name": "getAllUsers",
            "printedName": "getAllUsers()",
            "children": [
              {
                "kind": "TypeNominal",
                "name": "Array",
                "printedName": "[AlamofireWrapper.UserModel]",
                "children": [
                  {
                    "kind": "TypeNominal",
                    "name": "UserModel",
                    "printedName": "AlamofireWrapper.UserModel",
                    "usr": "c:@M@AlamofireWrapper@objc(cs)UserModel"
                  }
                ],
                "usr": "s:Sa"
              }
            ],
            "declKind": "Func",
            "usr": "c:@M@AlamofireWrapper@objc(cs)AFWrapper(im)getAllUsersWithCompletionHandler:",
            "mangledName": "$s16AlamofireWrapper9AFWrapperC11getAllUsersSayAA9UserModelCGyYaKF",
            "moduleName": "AlamofireWrapper",
            "objc_name": "getAllUsersWithCompletionHandler:",
            "declAttributes": [
              "AccessControl",
              "ObjC"
            ],
            "throwing": true,
            "funcSelfKind": "NonMutating"
          },
          {
            "kind": "Function",
            "name": "AFZIAMCrypt",
            "printedName": "AFZIAMCrypt(publickeyTag:privatekeyTag:serverPublickeyTag:)",
            "children": [
              {
                "kind": "TypeNominal",
                "name": "Void",
                "printedName": "()"
              },
              {
                "kind": "TypeNominal",
                "name": "String",
                "printedName": "Swift.String",
                "usr": "s:SS"
              },
              {
                "kind": "TypeNominal",
                "name": "String",
                "printedName": "Swift.String",
                "usr": "s:SS"
              },
              {
                "kind": "TypeNominal",
                "name": "String",
                "printedName": "Swift.String",
                "usr": "s:SS"
              }
            ],
            "declKind": "Func",
            "usr": "c:@M@AlamofireWrapper@objc(cs)AFWrapper(im)AFZIAMCryptWithPublickeyTag:privatekeyTag:serverPublickeyTag:",
            "mangledName": "$s16AlamofireWrapper9AFWrapperC11AFZIAMCrypt12publickeyTag010privatekeyF0015serverPublickeyF0ySS_S2StF",
            "moduleName": "AlamofireWrapper",
            "objc_name": "AFZIAMCryptWithPublickeyTag:privatekeyTag:serverPublickeyTag:",
            "declAttributes": [
              "AccessControl",
              "ObjC"
            ],
            "funcSelfKind": "NonMutating"
          },
          {
            "kind": "Function",
            "name": "getBundleName",
            "printedName": "getBundleName()",
            "children": [
              {
                "kind": "TypeNominal",
                "name": "String",
                "printedName": "Swift.String",
                "usr": "s:SS"
              }
            ],
            "declKind": "Func",
            "usr": "c:@M@AlamofireWrapper@objc(cs)AFWrapper(im)getBundleName",
            "mangledName": "$s16AlamofireWrapper9AFWrapperC13getBundleNameSSyF",
            "moduleName": "AlamofireWrapper",
            "declAttributes": [
              "AccessControl",
              "ObjC"
            ],
            "funcSelfKind": "NonMutating"
          }
        ],
        "declKind": "Class",
        "usr": "c:@M@AlamofireWrapper@objc(cs)AFWrapper",
        "mangledName": "$s16AlamofireWrapper9AFWrapperC",
        "moduleName": "AlamofireWrapper",
        "declAttributes": [
          "AccessControl",
          "ObjC"
        ],
        "superclassUsr": "c:objc(cs)NSObject",
        "inheritsConvenienceInitializers": true,
        "superclassNames": [
          "ObjectiveC.NSObject"
        ],
        "conformances": [
          {
            "kind": "Conformance",
            "name": "Copyable",
            "printedName": "Copyable",
            "usr": "s:s8CopyableP",
            "mangledName": "$ss8CopyableP"
          },
          {
            "kind": "Conformance",
            "name": "Escapable",
            "printedName": "Escapable",
            "usr": "s:s9EscapableP",
            "mangledName": "$ss9EscapableP"
          },
          {
            "kind": "Conformance",
            "name": "Equatable",
            "printedName": "Equatable",
            "usr": "s:SQ",
            "mangledName": "$sSQ"
          },
          {
            "kind": "Conformance",
            "name": "Hashable",
            "printedName": "Hashable",
            "usr": "s:SH",
            "mangledName": "$sSH"
          },
          {
            "kind": "Conformance",
            "name": "CVarArg",
            "printedName": "CVarArg",
            "usr": "s:s7CVarArgP",
            "mangledName": "$ss7CVarArgP"
          },
          {
            "kind": "Conformance",
            "name": "_KeyValueCodingAndObservingPublishing",
            "printedName": "_KeyValueCodingAndObservingPublishing",
            "usr": "s:10Foundation37_KeyValueCodingAndObservingPublishingP",
            "mangledName": "$s10Foundation37_KeyValueCodingAndObservingPublishingP"
          },
          {
            "kind": "Conformance",
            "name": "_KeyValueCodingAndObserving",
            "printedName": "_KeyValueCodingAndObserving",
            "usr": "s:10Foundation27_KeyValueCodingAndObservingP",
            "mangledName": "$s10Foundation27_KeyValueCodingAndObservingP"
          },
          {
            "kind": "Conformance",
            "name": "CustomStringConvertible",
            "printedName": "CustomStringConvertible",
            "usr": "s:s23CustomStringConvertibleP",
            "mangledName": "$ss23CustomStringConvertibleP"
          },
          {
            "kind": "Conformance",
            "name": "CustomDebugStringConvertible",
            "printedName": "CustomDebugStringConvertible",
            "usr": "s:s28CustomDebugStringConvertibleP",
            "mangledName": "$ss28CustomDebugStringConvertibleP"
          }
        ]
      },
      {
        "kind": "Import",
        "name": "Foundation",
        "printedName": "Foundation",
        "declKind": "Import",
        "moduleName": "AlamofireWrapper",
        "declAttributes": [
          "RawDocComment"
        ]
      },
      {
        "kind": "TypeDecl",
        "name": "UserResponse",
        "printedName": "UserResponse",
        "children": [
          {
            "kind": "Var",
            "name": "users",
            "printedName": "users",
            "children": [
              {
                "kind": "TypeNominal",
                "name": "Array",
                "printedName": "[AlamofireWrapper.UserModel]",
                "children": [
                  {
                    "kind": "TypeNominal",
                    "name": "UserModel",
                    "printedName": "AlamofireWrapper.UserModel",
                    "usr": "c:@M@AlamofireWrapper@objc(cs)UserModel"
                  }
                ],
                "usr": "s:Sa"
              }
            ],
            "declKind": "Var",
            "usr": "s:16AlamofireWrapper12UserResponseV5usersSayAA0C5ModelCGvp",
            "mangledName": "$s16AlamofireWrapper12UserResponseV5usersSayAA0C5ModelCGvp",
            "moduleName": "AlamofireWrapper",
            "declAttributes": [
              "HasStorage",
              "AccessControl"
            ],
            "isLet": true,
            "hasStorage": true,
            "accessors": [
              {
                "kind": "Accessor",
                "name": "Get",
                "printedName": "Get()",
                "children": [
                  {
                    "kind": "TypeNominal",
                    "name": "Array",
                    "printedName": "[AlamofireWrapper.UserModel]",
                    "children": [
                      {
                        "kind": "TypeNominal",
                        "name": "UserModel",
                        "printedName": "AlamofireWrapper.UserModel",
                        "usr": "c:@M@AlamofireWrapper@objc(cs)UserModel"
                      }
                    ],
                    "usr": "s:Sa"
                  }
                ],
                "declKind": "Accessor",
                "usr": "s:16AlamofireWrapper12UserResponseV5usersSayAA0C5ModelCGvg",
                "mangledName": "$s16AlamofireWrapper12UserResponseV5usersSayAA0C5ModelCGvg",
                "moduleName": "AlamofireWrapper",
                "implicit": true,
                "accessorKind": "get"
              }
            ]
          },
          {
            "kind": "Constructor",
            "name": "init",
            "printedName": "init(from:)",
            "children": [
              {
                "kind": "TypeNominal",
                "name": "UserResponse",
                "printedName": "AlamofireWrapper.UserResponse",
                "usr": "s:16AlamofireWrapper12UserResponseV"
              },
              {
                "kind": "TypeNominal",
                "name": "Decoder",
                "printedName": "any Swift.Decoder",
                "usr": "s:s7DecoderP"
              }
            ],
            "declKind": "Constructor",
            "usr": "s:16AlamofireWrapper12UserResponseV4fromACs7Decoder_p_tKcfc",
            "mangledName": "$s16AlamofireWrapper12UserResponseV4fromACs7Decoder_p_tKcfc",
            "moduleName": "AlamofireWrapper",
            "implicit": true,
            "throwing": true,
            "init_kind": "Designated"
          },
          {
            "kind": "Function",
            "name": "encode",
            "printedName": "encode(to:)",
            "children": [
              {
                "kind": "TypeNominal",
                "name": "Void",
                "printedName": "()"
              },
              {
                "kind": "TypeNominal",
                "name": "Encoder",
                "printedName": "any Swift.Encoder",
                "usr": "s:s7EncoderP"
              }
            ],
            "declKind": "Func",
            "usr": "s:16AlamofireWrapper12UserResponseV6encode2toys7Encoder_p_tKF",
            "mangledName": "$s16AlamofireWrapper12UserResponseV6encode2toys7Encoder_p_tKF",
            "moduleName": "AlamofireWrapper",
            "implicit": true,
            "throwing": true,
            "funcSelfKind": "NonMutating"
          }
        ],
        "declKind": "Struct",
        "usr": "s:16AlamofireWrapper12UserResponseV",
        "mangledName": "$s16AlamofireWrapper12UserResponseV",
        "moduleName": "AlamofireWrapper",
        "declAttributes": [
          "AccessControl"
        ],
        "conformances": [
          {
            "kind": "Conformance",
            "name": "Copyable",
            "printedName": "Copyable",
            "usr": "s:s8CopyableP",
            "mangledName": "$ss8CopyableP"
          },
          {
            "kind": "Conformance",
            "name": "Escapable",
            "printedName": "Escapable",
            "usr": "s:s9EscapableP",
            "mangledName": "$ss9EscapableP"
          },
          {
            "kind": "Conformance",
            "name": "Decodable",
            "printedName": "Decodable",
            "usr": "s:Se",
            "mangledName": "$sSe"
          },
          {
            "kind": "Conformance",
            "name": "Encodable",
            "printedName": "Encodable",
            "usr": "s:SE",
            "mangledName": "$sSE"
          }
        ]
      },
      {
        "kind": "TypeDecl",
        "name": "UserModel",
        "printedName": "UserModel",
        "children": [
          {
            "kind": "Var",
            "name": "id",
            "printedName": "id",
            "children": [
              {
                "kind": "TypeNominal",
                "name": "Int",
                "printedName": "Swift.Int",
                "usr": "s:Si"
              }
            ],
            "declKind": "Var",
            "usr": "c:@M@AlamofireWrapper@objc(cs)UserModel(py)id",
            "mangledName": "$s16AlamofireWrapper9UserModelC2idSivp",
            "moduleName": "AlamofireWrapper",
            "declAttributes": [
              "HasInitialValue",
              "HasStorage",
              "AccessControl",
              "ObjC"
            ],
            "hasStorage": true,
            "accessors": [
              {
                "kind": "Accessor",
                "name": "Get",
                "printedName": "Get()",
                "children": [
                  {
                    "kind": "TypeNominal",
                    "name": "Int",
                    "printedName": "Swift.Int",
                    "usr": "s:Si"
                  }
                ],
                "declKind": "Accessor",
                "usr": "c:@M@AlamofireWrapper@objc(cs)UserModel(im)id",
                "mangledName": "$s16AlamofireWrapper9UserModelC2idSivg",
                "moduleName": "AlamofireWrapper",
                "implicit": true,
                "declAttributes": [
                  "ObjC"
                ],
                "accessorKind": "get"
              },
              {
                "kind": "Accessor",
                "name": "Set",
                "printedName": "Set()",
                "children": [
                  {
                    "kind": "TypeNominal",
                    "name": "Void",
                    "printedName": "()"
                  },
                  {
                    "kind": "TypeNominal",
                    "name": "Int",
                    "printedName": "Swift.Int",
                    "usr": "s:Si"
                  }
                ],
                "declKind": "Accessor",
                "usr": "c:@M@AlamofireWrapper@objc(cs)UserModel(im)setId:",
                "mangledName": "$s16AlamofireWrapper9UserModelC2idSivs",
                "moduleName": "AlamofireWrapper",
                "implicit": true,
                "declAttributes": [
                  "ObjC"
                ],
                "accessorKind": "set"
              },
              {
                "kind": "Accessor",
                "name": "Modify",
                "printedName": "Modify()",
                "children": [
                  {
                    "kind": "TypeNominal",
                    "name": "Void",
                    "printedName": "()"
                  }
                ],
                "declKind": "Accessor",
                "usr": "s:16AlamofireWrapper9UserModelC2idSivM",
                "mangledName": "$s16AlamofireWrapper9UserModelC2idSivM",
                "moduleName": "AlamofireWrapper",
                "implicit": true,
                "accessorKind": "_modify"
              }
            ]
          },
          {
            "kind": "Var",
            "name": "firstName",
            "printedName": "firstName",
            "children": [
              {
                "kind": "TypeNominal",
                "name": "String",
                "printedName": "Swift.String",
                "usr": "s:SS"
              }
            ],
            "declKind": "Var",
            "usr": "c:@M@AlamofireWrapper@objc(cs)UserModel(py)firstName",
            "mangledName": "$s16AlamofireWrapper9UserModelC9firstNameSSvp",
            "moduleName": "AlamofireWrapper",
            "declAttributes": [
              "HasInitialValue",
              "HasStorage",
              "AccessControl",
              "ObjC"
            ],
            "hasStorage": true,
            "accessors": [
              {
                "kind": "Accessor",
                "name": "Get",
                "printedName": "Get()",
                "children": [
                  {
                    "kind": "TypeNominal",
                    "name": "String",
                    "printedName": "Swift.String",
                    "usr": "s:SS"
                  }
                ],
                "declKind": "Accessor",
                "usr": "c:@M@AlamofireWrapper@objc(cs)UserModel(im)firstName",
                "mangledName": "$s16AlamofireWrapper9UserModelC9firstNameSSvg",
                "moduleName": "AlamofireWrapper",
                "implicit": true,
                "declAttributes": [
                  "ObjC"
                ],
                "accessorKind": "get"
              },
              {
                "kind": "Accessor",
                "name": "Set",
                "printedName": "Set()",
                "children": [
                  {
                    "kind": "TypeNominal",
                    "name": "Void",
                    "printedName": "()"
                  },
                  {
                    "kind": "TypeNominal",
                    "name": "String",
                    "printedName": "Swift.String",
                    "usr": "s:SS"
                  }
                ],
                "declKind": "Accessor",
                "usr": "c:@M@AlamofireWrapper@objc(cs)UserModel(im)setFirstName:",
                "mangledName": "$s16AlamofireWrapper9UserModelC9firstNameSSvs",
                "moduleName": "AlamofireWrapper",
                "implicit": true,
                "declAttributes": [
                  "ObjC"
                ],
                "accessorKind": "set"
              },
              {
                "kind": "Accessor",
                "name": "Modify",
                "printedName": "Modify()",
                "children": [
                  {
                    "kind": "TypeNominal",
                    "name": "Void",
                    "printedName": "()"
                  }
                ],
                "declKind": "Accessor",
                "usr": "s:16AlamofireWrapper9UserModelC9firstNameSSvM",
                "mangledName": "$s16AlamofireWrapper9UserModelC9firstNameSSvM",
                "moduleName": "AlamofireWrapper",
                "implicit": true,
                "accessorKind": "_modify"
              }
            ]
          },
          {
            "kind": "Var",
            "name": "lastName",
            "printedName": "lastName",
            "children": [
              {
                "kind": "TypeNominal",
                "name": "String",
                "printedName": "Swift.String",
                "usr": "s:SS"
              }
            ],
            "declKind": "Var",
            "usr": "c:@M@AlamofireWrapper@objc(cs)UserModel(py)lastName",
            "mangledName": "$s16AlamofireWrapper9UserModelC8lastNameSSvp",
            "moduleName": "AlamofireWrapper",
            "declAttributes": [
              "HasInitialValue",
              "HasStorage",
              "AccessControl",
              "ObjC"
            ],
            "hasStorage": true,
            "accessors": [
              {
                "kind": "Accessor",
                "name": "Get",
                "printedName": "Get()",
                "children": [
                  {
                    "kind": "TypeNominal",
                    "name": "String",
                    "printedName": "Swift.String",
                    "usr": "s:SS"
                  }
                ],
                "declKind": "Accessor",
                "usr": "c:@M@AlamofireWrapper@objc(cs)UserModel(im)lastName",
                "mangledName": "$s16AlamofireWrapper9UserModelC8lastNameSSvg",
                "moduleName": "AlamofireWrapper",
                "implicit": true,
                "declAttributes": [
                  "ObjC"
                ],
                "accessorKind": "get"
              },
              {
                "kind": "Accessor",
                "name": "Set",
                "printedName": "Set()",
                "children": [
                  {
                    "kind": "TypeNominal",
                    "name": "Void",
                    "printedName": "()"
                  },
                  {
                    "kind": "TypeNominal",
                    "name": "String",
                    "printedName": "Swift.String",
                    "usr": "s:SS"
                  }
                ],
                "declKind": "Accessor",
                "usr": "c:@M@AlamofireWrapper@objc(cs)UserModel(im)setLastName:",
                "mangledName": "$s16AlamofireWrapper9UserModelC8lastNameSSvs",
                "moduleName": "AlamofireWrapper",
                "implicit": true,
                "declAttributes": [
                  "ObjC"
                ],
                "accessorKind": "set"
              },
              {
                "kind": "Accessor",
                "name": "Modify",
                "printedName": "Modify()",
                "children": [
                  {
                    "kind": "TypeNominal",
                    "name": "Void",
                    "printedName": "()"
                  }
                ],
                "declKind": "Accessor",
                "usr": "s:16AlamofireWrapper9UserModelC8lastNameSSvM",
                "mangledName": "$s16AlamofireWrapper9UserModelC8lastNameSSvM",
                "moduleName": "AlamofireWrapper",
                "implicit": true,
                "accessorKind": "_modify"
              }
            ]
          },
          {
            "kind": "Var",
            "name": "age",
            "printedName": "age",
            "children": [
              {
                "kind": "TypeNominal",
                "name": "Int",
                "printedName": "Swift.Int",
                "usr": "s:Si"
              }
            ],
            "declKind": "Var",
            "usr": "c:@M@AlamofireWrapper@objc(cs)UserModel(py)age",
            "mangledName": "$s16AlamofireWrapper9UserModelC3ageSivp",
            "moduleName": "AlamofireWrapper",
            "declAttributes": [
              "HasInitialValue",
              "HasStorage",
              "AccessControl",
              "ObjC"
            ],
            "hasStorage": true,
            "accessors": [
              {
                "kind": "Accessor",
                "name": "Get",
                "printedName": "Get()",
                "children": [
                  {
                    "kind": "TypeNominal",
                    "name": "Int",
                    "printedName": "Swift.Int",
                    "usr": "s:Si"
                  }
                ],
                "declKind": "Accessor",
                "usr": "c:@M@AlamofireWrapper@objc(cs)UserModel(im)age",
                "mangledName": "$s16AlamofireWrapper9UserModelC3ageSivg",
                "moduleName": "AlamofireWrapper",
                "implicit": true,
                "declAttributes": [
                  "ObjC"
                ],
                "accessorKind": "get"
              },
              {
                "kind": "Accessor",
                "name": "Set",
                "printedName": "Set()",
                "children": [
                  {
                    "kind": "TypeNominal",
                    "name": "Void",
                    "printedName": "()"
                  },
                  {
                    "kind": "TypeNominal",
                    "name": "Int",
                    "printedName": "Swift.Int",
                    "usr": "s:Si"
                  }
                ],
                "declKind": "Accessor",
                "usr": "c:@M@AlamofireWrapper@objc(cs)UserModel(im)setAge:",
                "mangledName": "$s16AlamofireWrapper9UserModelC3ageSivs",
                "moduleName": "AlamofireWrapper",
                "implicit": true,
                "declAttributes": [
                  "ObjC"
                ],
                "accessorKind": "set"
              },
              {
                "kind": "Accessor",
                "name": "Modify",
                "printedName": "Modify()",
                "children": [
                  {
                    "kind": "TypeNominal",
                    "name": "Void",
                    "printedName": "()"
                  }
                ],
                "declKind": "Accessor",
                "usr": "s:16AlamofireWrapper9UserModelC3ageSivM",
                "mangledName": "$s16AlamofireWrapper9UserModelC3ageSivM",
                "moduleName": "AlamofireWrapper",
                "implicit": true,
                "accessorKind": "_modify"
              }
            ]
          },
          {
            "kind": "Var",
            "name": "gender",
            "printedName": "gender",
            "children": [
              {
                "kind": "TypeNominal",
                "name": "String",
                "printedName": "Swift.String",
                "usr": "s:SS"
              }
            ],
            "declKind": "Var",
            "usr": "c:@M@AlamofireWrapper@objc(cs)UserModel(py)gender",
            "mangledName": "$s16AlamofireWrapper9UserModelC6genderSSvp",
            "moduleName": "AlamofireWrapper",
            "declAttributes": [
              "HasInitialValue",
              "HasStorage",
              "AccessControl",
              "ObjC"
            ],
            "hasStorage": true,
            "accessors": [
              {
                "kind": "Accessor",
                "name": "Get",
                "printedName": "Get()",
                "children": [
                  {
                    "kind": "TypeNominal",
                    "name": "String",
                    "printedName": "Swift.String",
                    "usr": "s:SS"
                  }
                ],
                "declKind": "Accessor",
                "usr": "c:@M@AlamofireWrapper@objc(cs)UserModel(im)gender",
                "mangledName": "$s16AlamofireWrapper9UserModelC6genderSSvg",
                "moduleName": "AlamofireWrapper",
                "implicit": true,
                "declAttributes": [
                  "ObjC"
                ],
                "accessorKind": "get"
              },
              {
                "kind": "Accessor",
                "name": "Set",
                "printedName": "Set()",
                "children": [
                  {
                    "kind": "TypeNominal",
                    "name": "Void",
                    "printedName": "()"
                  },
                  {
                    "kind": "TypeNominal",
                    "name": "String",
                    "printedName": "Swift.String",
                    "usr": "s:SS"
                  }
                ],
                "declKind": "Accessor",
                "usr": "c:@M@AlamofireWrapper@objc(cs)UserModel(im)setGender:",
                "mangledName": "$s16AlamofireWrapper9UserModelC6genderSSvs",
                "moduleName": "AlamofireWrapper",
                "implicit": true,
                "declAttributes": [
                  "ObjC"
                ],
                "accessorKind": "set"
              },
              {
                "kind": "Accessor",
                "name": "Modify",
                "printedName": "Modify()",
                "children": [
                  {
                    "kind": "TypeNominal",
                    "name": "Void",
                    "printedName": "()"
                  }
                ],
                "declKind": "Accessor",
                "usr": "s:16AlamofireWrapper9UserModelC6genderSSvM",
                "mangledName": "$s16AlamofireWrapper9UserModelC6genderSSvM",
                "moduleName": "AlamofireWrapper",
                "implicit": true,
                "accessorKind": "_modify"
              }
            ]
          },
          {
            "kind": "Constructor",
            "name": "init",
            "printedName": "init()",
            "children": [
              {
                "kind": "TypeNominal",
                "name": "UserModel",
                "printedName": "AlamofireWrapper.UserModel",
                "usr": "c:@M@AlamofireWrapper@objc(cs)UserModel"
              }
            ],
            "declKind": "Constructor",
            "usr": "c:@M@AlamofireWrapper@objc(cs)UserModel(im)init",
            "mangledName": "$s16AlamofireWrapper9UserModelCACycfc",
            "moduleName": "AlamofireWrapper",
            "overriding": true,
            "objc_name": "init",
            "declAttributes": [
              "Dynamic",
              "ObjC",
              "Override",
              "AccessControl"
            ],
            "init_kind": "Designated"
          },
          {
            "kind": "Constructor",
            "name": "init",
            "printedName": "init(from:)",
            "children": [
              {
                "kind": "TypeNominal",
                "name": "UserModel",
                "printedName": "AlamofireWrapper.UserModel",
                "usr": "c:@M@AlamofireWrapper@objc(cs)UserModel"
              },
              {
                "kind": "TypeNominal",
                "name": "Decoder",
                "printedName": "any Swift.Decoder",
                "usr": "s:s7DecoderP"
              }
            ],
            "declKind": "Constructor",
            "usr": "s:16AlamofireWrapper9UserModelC4fromACs7Decoder_p_tKcfc",
            "mangledName": "$s16AlamofireWrapper9UserModelC4fromACs7Decoder_p_tKcfc",
            "moduleName": "AlamofireWrapper",
            "implicit": true,
            "declAttributes": [
              "Required"
            ],
            "throwing": true,
            "init_kind": "Designated"
          },
          {
            "kind": "Function",
            "name": "encode",
            "printedName": "encode(to:)",
            "children": [
              {
                "kind": "TypeNominal",
                "name": "Void",
                "printedName": "()"
              },
              {
                "kind": "TypeNominal",
                "name": "Encoder",
                "printedName": "any Swift.Encoder",
                "usr": "s:s7EncoderP"
              }
            ],
            "declKind": "Func",
            "usr": "s:16AlamofireWrapper9UserModelC6encode2toys7Encoder_p_tKF",
            "mangledName": "$s16AlamofireWrapper9UserModelC6encode2toys7Encoder_p_tKF",
            "moduleName": "AlamofireWrapper",
            "implicit": true,
            "throwing": true,
            "funcSelfKind": "NonMutating"
          }
        ],
        "declKind": "Class",
        "usr": "c:@M@AlamofireWrapper@objc(cs)UserModel",
        "mangledName": "$s16AlamofireWrapper9UserModelC",
        "moduleName": "AlamofireWrapper",
        "declAttributes": [
          "AccessControl",
          "ObjC"
        ],
        "superclassUsr": "c:objc(cs)NSObject",
        "inheritsConvenienceInitializers": true,
        "superclassNames": [
          "ObjectiveC.NSObject"
        ],
        "conformances": [
          {
            "kind": "Conformance",
            "name": "Decodable",
            "printedName": "Decodable",
            "usr": "s:Se",
            "mangledName": "$sSe"
          },
          {
            "kind": "Conformance",
            "name": "Encodable",
            "printedName": "Encodable",
            "usr": "s:SE",
            "mangledName": "$sSE"
          },
          {
            "kind": "Conformance",
            "name": "Copyable",
            "printedName": "Copyable",
            "usr": "s:s8CopyableP",
            "mangledName": "$ss8CopyableP"
          },
          {
            "kind": "Conformance",
            "name": "Escapable",
            "printedName": "Escapable",
            "usr": "s:s9EscapableP",
            "mangledName": "$ss9EscapableP"
          },
          {
            "kind": "Conformance",
            "name": "Equatable",
            "printedName": "Equatable",
            "usr": "s:SQ",
            "mangledName": "$sSQ"
          },
          {
            "kind": "Conformance",
            "name": "Hashable",
            "printedName": "Hashable",
            "usr": "s:SH",
            "mangledName": "$sSH"
          },
          {
            "kind": "Conformance",
            "name": "CVarArg",
            "printedName": "CVarArg",
            "usr": "s:s7CVarArgP",
            "mangledName": "$ss7CVarArgP"
          },
          {
            "kind": "Conformance",
            "name": "_KeyValueCodingAndObservingPublishing",
            "printedName": "_KeyValueCodingAndObservingPublishing",
            "usr": "s:10Foundation37_KeyValueCodingAndObservingPublishingP",
            "mangledName": "$s10Foundation37_KeyValueCodingAndObservingPublishingP"
          },
          {
            "kind": "Conformance",
            "name": "_KeyValueCodingAndObserving",
            "printedName": "_KeyValueCodingAndObserving",
            "usr": "s:10Foundation27_KeyValueCodingAndObservingP",
            "mangledName": "$s10Foundation27_KeyValueCodingAndObservingP"
          },
          {
            "kind": "Conformance",
            "name": "CustomStringConvertible",
            "printedName": "CustomStringConvertible",
            "usr": "s:s23CustomStringConvertibleP",
            "mangledName": "$ss23CustomStringConvertibleP"
          },
          {
            "kind": "Conformance",
            "name": "CustomDebugStringConvertible",
            "printedName": "CustomDebugStringConvertible",
            "usr": "s:s28CustomDebugStringConvertibleP",
            "mangledName": "$ss28CustomDebugStringConvertibleP"
          }
        ]
      }
    ],
    "json_format_version": 8
  },
  "ConstValues": [
    {
      "filePath": "\/Users\/hari-19343\/AlamofireWrapper\/AlamofireWrapper\/Model\/UserResponse.swift",
      "kind": "IntegerLiteral",
      "offset": 342,
      "length": 1,
      "value": "0"
    },
    {
      "filePath": "\/Users\/hari-19343\/AlamofireWrapper\/AlamofireWrapper\/Model\/UserResponse.swift",
      "kind": "StringLiteral",
      "offset": 385,
      "length": 2,
      "value": "\"\""
    },
    {
      "filePath": "\/Users\/hari-19343\/AlamofireWrapper\/AlamofireWrapper\/Model\/UserResponse.swift",
      "kind": "StringLiteral",
      "offset": 428,
      "length": 2,
      "value": "\"\""
    },
    {
      "filePath": "\/Users\/hari-19343\/AlamofireWrapper\/AlamofireWrapper\/Model\/UserResponse.swift",
      "kind": "IntegerLiteral",
      "offset": 463,
      "length": 1,
      "value": "0"
    },
    {
      "filePath": "\/Users\/hari-19343\/AlamofireWrapper\/AlamofireWrapper\/Model\/UserResponse.swift",
      "kind": "StringLiteral",
      "offset": 503,
      "length": 2,
      "value": "\"\""
    }
  ]
}