{
  "ABIRoot": {
    "kind": "Root",
    "name": "AlamofireWrapper",
    "printedName": "AlamofireWrapper",
    "children": [
      {
        "kind": "Import",
        "name": "Foundation",
        "printedName": "Foundation",
        "declKind": "Import",
        "moduleName": "AlamofireWrapper",
        "declAttributes": [
          "RawDocComment"
        ]
      },
      {
        "kind": "Import",
        "name": "Alamofire",
        "printedName": "Alamofire",
        "declKind": "Import",
        "moduleName": "AlamofireWrapper"
      },
      {
        "kind": "TypeDecl",
        "name": "AFWrapper",
        "printedName": "AFWrapper",
        "children": [
          {
            "kind": "Constructor",
            "name": "init",
            "printedName": "init()",
            "children": [
              {
                "kind": "TypeNominal",
                "name": "AFWrapper",
                "printedName": "AlamofireWrapper.AFWrapper",
                "usr": "s:16AlamofireWrapper9AFWrapperC"
              }
            ],
            "declKind": "Constructor",
            "usr": "s:16AlamofireWrapper9AFWrapperCACycfc",
            "mangledName": "$s16AlamofireWrapper9AFWrapperCACycfc",
            "moduleName": "AlamofireWrapper",
            "declAttributes": [
              "AccessControl"
            ],
            "init_kind": "Designated"
          },
          {
            "kind": "Function",
            "name": "getAllUsers",
            "printedName": "getAllUsers()",
            "children": [
              {
                "kind": "TypeNominal",
                "name": "Array",
                "printedName": "[AlamofireWrapper.UserModel]",
                "children": [
                  {
                    "kind": "TypeNominal",
                    "name": "UserModel",
                    "printedName": "AlamofireWrapper.UserModel",
                    "usr": "s:16AlamofireWrapper9UserModelV"
                  }
                ],
                "usr": "s:Sa"
              }
            ],
            "declKind": "Func",
            "usr": "s:16AlamofireWrapper9AFWrapperC11getAllUsersSayAA9UserModelVGyYaKF",
            "mangledName": "$s16AlamofireWrapper9AFWrapperC11getAllUsersSayAA9UserModelVGyYaKF",
            "moduleName": "AlamofireWrapper",
            "declAttributes": [
              "AccessControl"
            ],
            "throwing": true,
            "funcSelfKind": "NonMutating"
          }
        ],
        "declKind": "Class",
        "usr": "s:16AlamofireWrapper9AFWrapperC",
        "mangledName": "$s16AlamofireWrapper9AFWrapperC",
        "moduleName": "AlamofireWrapper",
        "declAttributes": [
          "AccessControl"
        ],
        "conformances": [
          {
            "kind": "Conformance",
            "name": "Copyable",
            "printedName": "Copyable",
            "usr": "s:s8CopyableP",
            "mangledName": "$ss8CopyableP"
          },
          {
            "kind": "Conformance",
            "name": "Escapable",
            "printedName": "Escapable",
            "usr": "s:s9EscapableP",
            "mangledName": "$ss9EscapableP"
          }
        ]
      },
      {
        "kind": "Import",
        "name": "Foundation",
        "printedName": "Foundation",
        "declKind": "Import",
        "moduleName": "AlamofireWrapper",
        "declAttributes": [
          "RawDocComment"
        ]
      },
      {
        "kind": "TypeDecl",
        "name": "UserResponse",
        "printedName": "UserResponse",
        "children": [
          {
            "kind": "Var",
            "name": "users",
            "printedName": "users",
            "children": [
              {
                "kind": "TypeNominal",
                "name": "Array",
                "printedName": "[AlamofireWrapper.UserModel]",
                "children": [
                  {
                    "kind": "TypeNominal",
                    "name": "UserModel",
                    "printedName": "AlamofireWrapper.UserModel",
                    "usr": "s:16AlamofireWrapper9UserModelV"
                  }
                ],
                "usr": "s:Sa"
              }
            ],
            "declKind": "Var",
            "usr": "s:16AlamofireWrapper12UserResponseV5usersSayAA0C5ModelVGvp",
            "mangledName": "$s16AlamofireWrapper12UserResponseV5usersSayAA0C5ModelVGvp",
            "moduleName": "AlamofireWrapper",
            "declAttributes": [
              "HasStorage",
              "AccessControl"
            ],
            "isLet": true,
            "hasStorage": true,
            "accessors": [
              {
                "kind": "Accessor",
                "name": "Get",
                "printedName": "Get()",
                "children": [
                  {
                    "kind": "TypeNominal",
                    "name": "Array",
                    "printedName": "[AlamofireWrapper.UserModel]",
                    "children": [
                      {
                        "kind": "TypeNominal",
                        "name": "UserModel",
                        "printedName": "AlamofireWrapper.UserModel",
                        "usr": "s:16AlamofireWrapper9UserModelV"
                      }
                    ],
                    "usr": "s:Sa"
                  }
                ],
                "declKind": "Accessor",
                "usr": "s:16AlamofireWrapper12UserResponseV5usersSayAA0C5ModelVGvg",
                "mangledName": "$s16AlamofireWrapper12UserResponseV5usersSayAA0C5ModelVGvg",
                "moduleName": "AlamofireWrapper",
                "implicit": true,
                "accessorKind": "get"
              }
            ]
          },
          {
            "kind": "Constructor",
            "name": "init",
            "printedName": "init(from:)",
            "children": [
              {
                "kind": "TypeNominal",
                "name": "UserResponse",
                "printedName": "AlamofireWrapper.UserResponse",
                "usr": "s:16AlamofireWrapper12UserResponseV"
              },
              {
                "kind": "TypeNominal",
                "name": "Decoder",
                "printedName": "any Swift.Decoder",
                "usr": "s:s7DecoderP"
              }
            ],
            "declKind": "Constructor",
            "usr": "s:16AlamofireWrapper12UserResponseV4fromACs7Decoder_p_tKcfc",
            "mangledName": "$s16AlamofireWrapper12UserResponseV4fromACs7Decoder_p_tKcfc",
            "moduleName": "AlamofireWrapper",
            "implicit": true,
            "throwing": true,
            "init_kind": "Designated"
          },
          {
            "kind": "Function",
            "name": "encode",
            "printedName": "encode(to:)",
            "children": [
              {
                "kind": "TypeNominal",
                "name": "Void",
                "printedName": "()"
              },
              {
                "kind": "TypeNominal",
                "name": "Encoder",
                "printedName": "any Swift.Encoder",
                "usr": "s:s7EncoderP"
              }
            ],
            "declKind": "Func",
            "usr": "s:16AlamofireWrapper12UserResponseV6encode2toys7Encoder_p_tKF",
            "mangledName": "$s16AlamofireWrapper12UserResponseV6encode2toys7Encoder_p_tKF",
            "moduleName": "AlamofireWrapper",
            "implicit": true,
            "throwing": true,
            "funcSelfKind": "NonMutating"
          }
        ],
        "declKind": "Struct",
        "usr": "s:16AlamofireWrapper12UserResponseV",
        "mangledName": "$s16AlamofireWrapper12UserResponseV",
        "moduleName": "AlamofireWrapper",
        "declAttributes": [
          "AccessControl"
        ],
        "conformances": [
          {
            "kind": "Conformance",
            "name": "Copyable",
            "printedName": "Copyable",
            "usr": "s:s8CopyableP",
            "mangledName": "$ss8CopyableP"
          },
          {
            "kind": "Conformance",
            "name": "Escapable",
            "printedName": "Escapable",
            "usr": "s:s9EscapableP",
            "mangledName": "$ss9EscapableP"
          },
          {
            "kind": "Conformance",
            "name": "Decodable",
            "printedName": "Decodable",
            "usr": "s:Se",
            "mangledName": "$sSe"
          },
          {
            "kind": "Conformance",
            "name": "Encodable",
            "printedName": "Encodable",
            "usr": "s:SE",
            "mangledName": "$sSE"
          },
          {
            "kind": "Conformance",
            "name": "Sendable",
            "printedName": "Sendable",
            "usr": "s:s8SendableP",
            "mangledName": "$ss8SendableP"
          }
        ]
      },
      {
        "kind": "TypeDecl",
        "name": "UserModel",
        "printedName": "UserModel",
        "children": [
          {
            "kind": "Var",
            "name": "id",
            "printedName": "id",
            "children": [
              {
                "kind": "TypeNominal",
                "name": "Int",
                "printedName": "Swift.Int",
                "usr": "s:Si"
              }
            ],
            "declKind": "Var",
            "usr": "s:16AlamofireWrapper9UserModelV2idSivp",
            "mangledName": "$s16AlamofireWrapper9UserModelV2idSivp",
            "moduleName": "AlamofireWrapper",
            "declAttributes": [
              "HasInitialValue",
              "HasStorage",
              "AccessControl"
            ],
            "hasStorage": true,
            "accessors": [
              {
                "kind": "Accessor",
                "name": "Get",
                "printedName": "Get()",
                "children": [
                  {
                    "kind": "TypeNominal",
                    "name": "Int",
                    "printedName": "Swift.Int",
                    "usr": "s:Si"
                  }
                ],
                "declKind": "Accessor",
                "usr": "s:16AlamofireWrapper9UserModelV2idSivg",
                "mangledName": "$s16AlamofireWrapper9UserModelV2idSivg",
                "moduleName": "AlamofireWrapper",
                "implicit": true,
                "accessorKind": "get"
              },
              {
                "kind": "Accessor",
                "name": "Set",
                "printedName": "Set()",
                "children": [
                  {
                    "kind": "TypeNominal",
                    "name": "Void",
                    "printedName": "()"
                  },
                  {
                    "kind": "TypeNominal",
                    "name": "Int",
                    "printedName": "Swift.Int",
                    "usr": "s:Si"
                  }
                ],
                "declKind": "Accessor",
                "usr": "s:16AlamofireWrapper9UserModelV2idSivs",
                "mangledName": "$s16AlamofireWrapper9UserModelV2idSivs",
                "moduleName": "AlamofireWrapper",
                "implicit": true,
                "accessorKind": "set"
              },
              {
                "kind": "Accessor",
                "name": "Modify",
                "printedName": "Modify()",
                "children": [
                  {
                    "kind": "TypeNominal",
                    "name": "Void",
                    "printedName": "()"
                  }
                ],
                "declKind": "Accessor",
                "usr": "s:16AlamofireWrapper9UserModelV2idSivM",
                "mangledName": "$s16AlamofireWrapper9UserModelV2idSivM",
                "moduleName": "AlamofireWrapper",
                "implicit": true,
                "accessorKind": "_modify"
              }
            ]
          },
          {
            "kind": "Var",
            "name": "firstName",
            "printedName": "firstName",
            "children": [
              {
                "kind": "TypeNominal",
                "name": "String",
                "printedName": "Swift.String",
                "usr": "s:SS"
              }
            ],
            "declKind": "Var",
            "usr": "s:16AlamofireWrapper9UserModelV9firstNameSSvp",
            "mangledName": "$s16AlamofireWrapper9UserModelV9firstNameSSvp",
            "moduleName": "AlamofireWrapper",
            "declAttributes": [
              "HasInitialValue",
              "HasStorage",
              "AccessControl"
            ],
            "hasStorage": true,
            "accessors": [
              {
                "kind": "Accessor",
                "name": "Get",
                "printedName": "Get()",
                "children": [
                  {
                    "kind": "TypeNominal",
                    "name": "String",
                    "printedName": "Swift.String",
                    "usr": "s:SS"
                  }
                ],
                "declKind": "Accessor",
                "usr": "s:16AlamofireWrapper9UserModelV9firstNameSSvg",
                "mangledName": "$s16AlamofireWrapper9UserModelV9firstNameSSvg",
                "moduleName": "AlamofireWrapper",
                "implicit": true,
                "accessorKind": "get"
              },
              {
                "kind": "Accessor",
                "name": "Set",
                "printedName": "Set()",
                "children": [
                  {
                    "kind": "TypeNominal",
                    "name": "Void",
                    "printedName": "()"
                  },
                  {
                    "kind": "TypeNominal",
                    "name": "String",
                    "printedName": "Swift.String",
                    "usr": "s:SS"
                  }
                ],
                "declKind": "Accessor",
                "usr": "s:16AlamofireWrapper9UserModelV9firstNameSSvs",
                "mangledName": "$s16AlamofireWrapper9UserModelV9firstNameSSvs",
                "moduleName": "AlamofireWrapper",
                "implicit": true,
                "accessorKind": "set"
              },
              {
                "kind": "Accessor",
                "name": "Modify",
                "printedName": "Modify()",
                "children": [
                  {
                    "kind": "TypeNominal",
                    "name": "Void",
                    "printedName": "()"
                  }
                ],
                "declKind": "Accessor",
                "usr": "s:16AlamofireWrapper9UserModelV9firstNameSSvM",
                "mangledName": "$s16AlamofireWrapper9UserModelV9firstNameSSvM",
                "moduleName": "AlamofireWrapper",
                "implicit": true,
                "accessorKind": "_modify"
              }
            ]
          },
          {
            "kind": "Var",
            "name": "lastName",
            "printedName": "lastName",
            "children": [
              {
                "kind": "TypeNominal",
                "name": "String",
                "printedName": "Swift.String",
                "usr": "s:SS"
              }
            ],
            "declKind": "Var",
            "usr": "s:16AlamofireWrapper9UserModelV8lastNameSSvp",
            "mangledName": "$s16AlamofireWrapper9UserModelV8lastNameSSvp",
            "moduleName": "AlamofireWrapper",
            "declAttributes": [
              "HasInitialValue",
              "HasStorage",
              "AccessControl"
            ],
            "hasStorage": true,
            "accessors": [
              {
                "kind": "Accessor",
                "name": "Get",
                "printedName": "Get()",
                "children": [
                  {
                    "kind": "TypeNominal",
                    "name": "String",
                    "printedName": "Swift.String",
                    "usr": "s:SS"
                  }
                ],
                "declKind": "Accessor",
                "usr": "s:16AlamofireWrapper9UserModelV8lastNameSSvg",
                "mangledName": "$s16AlamofireWrapper9UserModelV8lastNameSSvg",
                "moduleName": "AlamofireWrapper",
                "implicit": true,
                "accessorKind": "get"
              },
              {
                "kind": "Accessor",
                "name": "Set",
                "printedName": "Set()",
                "children": [
                  {
                    "kind": "TypeNominal",
                    "name": "Void",
                    "printedName": "()"
                  },
                  {
                    "kind": "TypeNominal",
                    "name": "String",
                    "printedName": "Swift.String",
                    "usr": "s:SS"
                  }
                ],
                "declKind": "Accessor",
                "usr": "s:16AlamofireWrapper9UserModelV8lastNameSSvs",
                "mangledName": "$s16AlamofireWrapper9UserModelV8lastNameSSvs",
                "moduleName": "AlamofireWrapper",
                "implicit": true,
                "accessorKind": "set"
              },
              {
                "kind": "Accessor",
                "name": "Modify",
                "printedName": "Modify()",
                "children": [
                  {
                    "kind": "TypeNominal",
                    "name": "Void",
                    "printedName": "()"
                  }
                ],
                "declKind": "Accessor",
                "usr": "s:16AlamofireWrapper9UserModelV8lastNameSSvM",
                "mangledName": "$s16AlamofireWrapper9UserModelV8lastNameSSvM",
                "moduleName": "AlamofireWrapper",
                "implicit": true,
                "accessorKind": "_modify"
              }
            ]
          },
          {
            "kind": "Var",
            "name": "age",
            "printedName": "age",
            "children": [
              {
                "kind": "TypeNominal",
                "name": "Int",
                "printedName": "Swift.Int",
                "usr": "s:Si"
              }
            ],
            "declKind": "Var",
            "usr": "s:16AlamofireWrapper9UserModelV3ageSivp",
            "mangledName": "$s16AlamofireWrapper9UserModelV3ageSivp",
            "moduleName": "AlamofireWrapper",
            "declAttributes": [
              "HasInitialValue",
              "HasStorage",
              "AccessControl"
            ],
            "hasStorage": true,
            "accessors": [
              {
                "kind": "Accessor",
                "name": "Get",
                "printedName": "Get()",
                "children": [
                  {
                    "kind": "TypeNominal",
                    "name": "Int",
                    "printedName": "Swift.Int",
                    "usr": "s:Si"
                  }
                ],
                "declKind": "Accessor",
                "usr": "s:16AlamofireWrapper9UserModelV3ageSivg",
                "mangledName": "$s16AlamofireWrapper9UserModelV3ageSivg",
                "moduleName": "AlamofireWrapper",
                "implicit": true,
                "accessorKind": "get"
              },
              {
                "kind": "Accessor",
                "name": "Set",
                "printedName": "Set()",
                "children": [
                  {
                    "kind": "TypeNominal",
                    "name": "Void",
                    "printedName": "()"
                  },
                  {
                    "kind": "TypeNominal",
                    "name": "Int",
                    "printedName": "Swift.Int",
                    "usr": "s:Si"
                  }
                ],
                "declKind": "Accessor",
                "usr": "s:16AlamofireWrapper9UserModelV3ageSivs",
                "mangledName": "$s16AlamofireWrapper9UserModelV3ageSivs",
                "moduleName": "AlamofireWrapper",
                "implicit": true,
                "accessorKind": "set"
              },
              {
                "kind": "Accessor",
                "name": "Modify",
                "printedName": "Modify()",
                "children": [
                  {
                    "kind": "TypeNominal",
                    "name": "Void",
                    "printedName": "()"
                  }
                ],
                "declKind": "Accessor",
                "usr": "s:16AlamofireWrapper9UserModelV3ageSivM",
                "mangledName": "$s16AlamofireWrapper9UserModelV3ageSivM",
                "moduleName": "AlamofireWrapper",
                "implicit": true,
                "accessorKind": "_modify"
              }
            ]
          },
          {
            "kind": "Var",
            "name": "gender",
            "printedName": "gender",
            "children": [
              {
                "kind": "TypeNominal",
                "name": "String",
                "printedName": "Swift.String",
                "usr": "s:SS"
              }
            ],
            "declKind": "Var",
            "usr": "s:16AlamofireWrapper9UserModelV6genderSSvp",
            "mangledName": "$s16AlamofireWrapper9UserModelV6genderSSvp",
            "moduleName": "AlamofireWrapper",
            "declAttributes": [
              "HasInitialValue",
              "HasStorage",
              "AccessControl"
            ],
            "hasStorage": true,
            "accessors": [
              {
                "kind": "Accessor",
                "name": "Get",
                "printedName": "Get()",
                "children": [
                  {
                    "kind": "TypeNominal",
                    "name": "String",
                    "printedName": "Swift.String",
                    "usr": "s:SS"
                  }
                ],
                "declKind": "Accessor",
                "usr": "s:16AlamofireWrapper9UserModelV6genderSSvg",
                "mangledName": "$s16AlamofireWrapper9UserModelV6genderSSvg",
                "moduleName": "AlamofireWrapper",
                "implicit": true,
                "accessorKind": "get"
              },
              {
                "kind": "Accessor",
                "name": "Set",
                "printedName": "Set()",
                "children": [
                  {
                    "kind": "TypeNominal",
                    "name": "Void",
                    "printedName": "()"
                  },
                  {
                    "kind": "TypeNominal",
                    "name": "String",
                    "printedName": "Swift.String",
                    "usr": "s:SS"
                  }
                ],
                "declKind": "Accessor",
                "usr": "s:16AlamofireWrapper9UserModelV6genderSSvs",
                "mangledName": "$s16AlamofireWrapper9UserModelV6genderSSvs",
                "moduleName": "AlamofireWrapper",
                "implicit": true,
                "accessorKind": "set"
              },
              {
                "kind": "Accessor",
                "name": "Modify",
                "printedName": "Modify()",
                "children": [
                  {
                    "kind": "TypeNominal",
                    "name": "Void",
                    "printedName": "()"
                  }
                ],
                "declKind": "Accessor",
                "usr": "s:16AlamofireWrapper9UserModelV6genderSSvM",
                "mangledName": "$s16AlamofireWrapper9UserModelV6genderSSvM",
                "moduleName": "AlamofireWrapper",
                "implicit": true,
                "accessorKind": "_modify"
              }
            ]
          },
          {
            "kind": "Constructor",
            "name": "init",
            "printedName": "init(from:)",
            "children": [
              {
                "kind": "TypeNominal",
                "name": "UserModel",
                "printedName": "AlamofireWrapper.UserModel",
                "usr": "s:16AlamofireWrapper9UserModelV"
              },
              {
                "kind": "TypeNominal",
                "name": "Decoder",
                "printedName": "any Swift.Decoder",
                "usr": "s:s7DecoderP"
              }
            ],
            "declKind": "Constructor",
            "usr": "s:16AlamofireWrapper9UserModelV4fromACs7Decoder_p_tKcfc",
            "mangledName": "$s16AlamofireWrapper9UserModelV4fromACs7Decoder_p_tKcfc",
            "moduleName": "AlamofireWrapper",
            "implicit": true,
            "throwing": true,
            "init_kind": "Designated"
          },
          {
            "kind": "Function",
            "name": "encode",
            "printedName": "encode(to:)",
            "children": [
              {
                "kind": "TypeNominal",
                "name": "Void",
                "printedName": "()"
              },
              {
                "kind": "TypeNominal",
                "name": "Encoder",
                "printedName": "any Swift.Encoder",
                "usr": "s:s7EncoderP"
              }
            ],
            "declKind": "Func",
            "usr": "s:16AlamofireWrapper9UserModelV6encode2toys7Encoder_p_tKF",
            "mangledName": "$s16AlamofireWrapper9UserModelV6encode2toys7Encoder_p_tKF",
            "moduleName": "AlamofireWrapper",
            "implicit": true,
            "throwing": true,
            "funcSelfKind": "NonMutating"
          }
        ],
        "declKind": "Struct",
        "usr": "s:16AlamofireWrapper9UserModelV",
        "mangledName": "$s16AlamofireWrapper9UserModelV",
        "moduleName": "AlamofireWrapper",
        "declAttributes": [
          "AccessControl"
        ],
        "conformances": [
          {
            "kind": "Conformance",
            "name": "Copyable",
            "printedName": "Copyable",
            "usr": "s:s8CopyableP",
            "mangledName": "$ss8CopyableP"
          },
          {
            "kind": "Conformance",
            "name": "Escapable",
            "printedName": "Escapable",
            "usr": "s:s9EscapableP",
            "mangledName": "$ss9EscapableP"
          },
          {
            "kind": "Conformance",
            "name": "Decodable",
            "printedName": "Decodable",
            "usr": "s:Se",
            "mangledName": "$sSe"
          },
          {
            "kind": "Conformance",
            "name": "Encodable",
            "printedName": "Encodable",
            "usr": "s:SE",
            "mangledName": "$sSE"
          },
          {
            "kind": "Conformance",
            "name": "Sendable",
            "printedName": "Sendable",
            "usr": "s:s8SendableP",
            "mangledName": "$ss8SendableP"
          }
        ]
      }
    ],
    "json_format_version": 8
  },
  "ConstValues": [
    {
      "filePath": "\/Users\/hari-19343\/AlamofireWrapper\/AlamofireWrapper\/Model\/UserResponse.swift",
      "kind": "IntegerLiteral",
      "offset": 341,
      "length": 1,
      "value": "0"
    },
    {
      "filePath": "\/Users\/hari-19343\/AlamofireWrapper\/AlamofireWrapper\/Model\/UserResponse.swift",
      "kind": "StringLiteral",
      "offset": 378,
      "length": 2,
      "value": "\"\""
    },
    {
      "filePath": "\/Users\/hari-19343\/AlamofireWrapper\/AlamofireWrapper\/Model\/UserResponse.swift",
      "kind": "StringLiteral",
      "offset": 415,
      "length": 2,
      "value": "\"\""
    },
    {
      "filePath": "\/Users\/hari-19343\/AlamofireWrapper\/AlamofireWrapper\/Model\/UserResponse.swift",
      "kind": "IntegerLiteral",
      "offset": 444,
      "length": 1,
      "value": "0"
    },
    {
      "filePath": "\/Users\/hari-19343\/AlamofireWrapper\/AlamofireWrapper\/Model\/UserResponse.swift",
      "kind": "StringLiteral",
      "offset": 478,
      "length": 2,
      "value": "\"\""
    }
  ]
}